{
  "Records": [
    {
      "EventSource": "aws:sns",
      "EventVersion": "1.0",
      "EventSubscriptionArn": "arn:aws:sns:us-west-2:111111111:my-app:some-hash",
      "Sns": {
        "Type": "Notification",
        "MessageId": "unique-message-hash",
        "TopicArn": "arn:aws:sns:us-west-2:111111111:my-app",
        "Subject": "CREATED: AWS CodeDeploy d-DEPID in us-west-2 to MyApplication",
        "Message": "{\"region\":\"us-west-2\",\"accountId\":\"111111111\",\"eventTriggerName\":\"Deployment Status Updates - engagement\",\"applicationName\":\"MyApplication\",\"deploymentId\":\"d-DEPID\",\"deploymentGroupName\":\"staging\",\"createTime\":\"Thu Dec 13 20:23:06 UTC 2018\",\"completeTime\":null,\"status\":\"SUCCEEDED\"}",
        "Timestamp": "2018-12-13T20:23:07.179Z",
        "SignatureVersion": "1",
        "Signature": "xxxxxxxxxx",
        "SigningCertUrl": "https://xxxxxxxxx",
        "UnsubscribeUrl": "https://xxxxxxxxx",
        "MessageAttributes": {}
      }
    }
  ]
}